track_id,track_name,track_artist_name,track_popularity,track_lyrics
5PjdY0CKGZdEuoNab3yDmX,STAY (with Justin Bieber),The Kid LAROI,91,
4iJyoBOLtHqaGxP12qzhQI,Peaches (feat. Daniel Caesar & Giveon),Justin Bieber,90,
6UelLqGlWMcVH1E5c4H7lY,Watermelon Sugar,Harry Styles,89,
5nujrmhLynf4yMoMtj8AQF,Levitating (feat. DaBaby),Dua Lipa,87,
0tgVpDi06FyKpA1z0VMD4v,Perfect,Ed Sheeran,87,
5uCax9HTNlzGybIStD3vDh,Say You Won't Let Go,James Arthur,85,
2rOnSn2piaqLAlYjtfUBlY,"Raataan Lambiyan (From ""Shershaah"")",Tanishk Bagchi,83,
2tnVG71enUj33Ic2nFN6kZ,Ride It,Regard,83,
4cluDES4hQEUhmXj6TXkSo,What Makes You Beautiful,One Direction,82,
3Dv1eDb0MEgF93GpLXlucZ,Say So,Doja Cat,82,
69vToJ9BMbbLlFZo7k7A7B,You Are The Reason,Calum Scott,82,
5O2P9iiztwhomNh8xkR9lJ,Night Changes,One Direction,82,
0lYBSQXN6rCTvUZvg9S0lU,Let Me Love You,DJ Snake,82,
0CAfXk7DXMnon4gLudAp7J,Low (feat. T-Pain),Flo Rida,82,
3ZFTkvIE7kyPt6Nu3PEa7V,Hips Don't Lie (feat. Wyclef Jean),Shakira,82,
4cluDES4hQEUhmXj6TXkSo,What Makes You Beautiful,One Direction,82,
0NlGoUyOJSuSHmngoibVAs,All I Want,Kodaline,82,
32OlwWuMpZ6b0aN2RZOeMS,Uptown Funk (feat. Bruno Mars),Mark Ronson,82,
5rb9QrpfcKFHM1EUbSIurX,Yeah! (feat. Lil Jon & Ludacris),Usher,82,
1OOtq8tRnDM8kG2gqUPjAj,Beat It,Michael Jackson,81,
6YUTL4dYpB9xZO5qExPf05,Summer,Calvin Harris,81,
3B54sVLJ402zGa6Xm4YGNe,Unforgettable,French Montana,81,
4QNpBfC0zvjKqPJcyqBy9W,"Give Me Everything (feat. Ne-Yo, Afrojack & Nayer)",Pitbull,81,
1EzrEOXmMH3G43AXT1y7pA,I'm Yours,Jason Mraz,81,
6lanRgr6wXibZr8KgzXxBl,A Thousand Years,Christina Perri,80,
2cc8Sw1OnCuA5bV8nqWqpE,You,Regard,80,
60nZcImufyMA1MKQY3dcCH,"Happy - From ""Despicable Me 2""",Pharrell Williams,80,
0azC730Exh71aQlOt9Zj3y,This Is What You Came For (feat. Rihanna),Calvin Harris,80,
2CEgGE6aESpnmtfiZwYlbV,Dynamite,Taio Cruz,80,
2V65y3PX4DkRhy1djlxd9p,Don't You Worry Child - Radio Edit,Swedish House Mafia,79,
3E7dfMvvCLUddWissuqMwr,Party In The U.S.A.,Miley Cyrus,79,
1gihuPhrLraKYrJMAEONyc,Feel So Close - Radio Edit,Calvin Harris,79,
1lhm29o3syw122xynSKaAK,Love Me Like That,Sam Kim,79,
4356Typ82hUiFAynbLYbPn,DJ Got Us Fallin' In Love (feat. Pitbull),Usher,79,
20I6sIOMTCkB6w7ryavxtO,Call Me Maybe,Carly Rae Jepsen,79,
7zFXmv6vqI4qOt4yGf3jYZ,Get You (feat. Kali Uchis),Daniel Caesar,79,
0ByMNEPAPpOR5H69DVrTNy,Don't Stop The Music,Rihanna,78,
2iJuuzV8P9Yz0VSurttIV5,Scream & Shout,will.i.am,78,
2bCQHF9gdG5BNDVuEIEnNk,Smooth Criminal - 2012 Remaster,Michael Jackson,78,
1XXimziG1uhM0eDNCZCrUl,Up,Cardi B,78,
0O45fw2L5vsWpdsOdXwNAR,SexyBack (feat. Timbaland),Justin Timberlake,78,
7xapw9Oy21WpfEcib2ErSA,Mistletoe,Justin Bieber,78,
116H0KvKr2Zl4RPuVBruDO,MIA (feat. Drake),Bad Bunny,78,
0k2GOhqsrxDTAbFFSdNJjT,Temperature,Sean Paul,78,
3bC1ahPIYt1btJzSSEyyrF,Whistle,Flo Rida,78,
2Foc5Q5nqNiosCNqttzHof,Get Lucky (feat. Pharrell Williams & Nile Rodgers) - Radio Edit,Daft Punk,78,
2q4rjDy9WhaN3o9MvDbO21,Kiss Me Thru The Phone,Soulja Boy,77,
0VwNdo84DaVYLIkbVO86ND,We Are Never Ever Getting Back Together,Taylor Swift,77,
2a1o6ZejUi8U3wzzOtCOYw,Danza Kuduro,Don Omar,77,
5UqCQaDshqbIk3pkhy4Pjg,Levels - Radio Edit,Avicii,77,
2afCBiru10AFckfOa49wIa,You & I,One Direction,77,
51Fjme0JiitpyXKuyQiCDo,Lalala,Y2K,77,
4w8niZpiMy6qz1mntFA5uM,"Taki Taki (with Selena Gomez, Ozuna & Cardi B)",DJ Snake,77,
66TRwr5uJwPt15mfFkzhbi,Crank That (Soulja Boy),Soulja Boy,76,
4vVTI94F9uJ8lHNDWKv0i2,Eenie Meenie,Sean Kingston,76,
22mek4IiqubGD9ctzxc69s,How Deep Is Your Love,Calvin Harris,76,
7x5xYW5W42OGPAdHUyyguy,Locked Away (feat. Adam Levine),R. City,76,
46eu3SBuFCXWsPT39Yg3tJ,Don't Stop 'Til You Get Enough,Michael Jackson,76,
4n7jnSxVLd8QioibtTDBDq,On My Way,Alan Walker,76,
0t1kP63rueHleOhQkYSXFY,Dynamite,BTS,76,
2LEF1A8DOZ9wRYikWgVlZ8,Good Feeling,Flo Rida,76,
5xYC48nOppVemY6U5GRGTb,Memories (feat. Kid Cudi),David Guetta,76,
3qKGvSu1inEZKwYQnMavNA,Smack That,Akon,76,
5knuzwU65gJK7IF5yJsuaW,Rockabye (feat. Sean Paul & Anne-Marie),Clean Bandit,76,
6kex4EBAj0WHXDKZMEJaaF,Swalla (feat. Nicki Minaj & Ty Dolla $ign),Jason Derulo,75,
0pYacDCZuRhcrwGUA5nTBe,eight(Prod.&Feat. SUGA of BTS),IU,75,
1vvNmPOiUuyCbgWmtc6yfm,My Way,Calvin Harris,75,
285HeuLxsngjFn4GGegGNm,"Hey Mama (feat. Nicki Minaj, Bebe Rexha & Afrojack)",David Guetta,75,
5urYiIXu1ZhfMAOsp7WDTc,"Dil Ko Karaar Aaya (From ""Sukoon"")",Yasser Desai,75,
3DK6m7It6Pw857FcQftMds,Runaway,Kanye West,75,
6tS3XVuOyu10897O3ae7bi,California Gurls,Katy Perry,75,
62zFEHfAYl5kdHYOivj4BC,International Love (feat. Chris Brown),Pitbull,75,
7ElF5zxOwYP4qVSWVvse3W,Break Your Heart,Taio Cruz,75,
1xNcBAoUw8Hz6LqK2jt4Ff,Call on Me - Radio Mix,Eric Prydz,74,
1Fhb9iJPufNMZSwupsXiRe,beside you,keshi,74,
54KFQB6N4pn926IUUYZGzK,To Build A Home,The Cinematic Orchestra,74,
1B75hgRqe7A4fwee3g3Wmu,U Can't Touch This,MC Hammer,74,
66hayvUbTotekKU3H4ta1f,Where Are Ü Now (with Justin Bieber),Jack Ü,74,
2lnzGkdtDj5mtlcOW2yRtG,"Whenever, Wherever",Shakira,74,
4lCv7b86sLynZbXhfScfm2,Firework,Katy Perry,74,
3GpbwCm3YxiWDvy29Uo3vP,Right Round,Flo Rida,74,
5MhsZlmKJG6X5kTHkdwC4B,I'm an Albatraoz,AronChupa,73,
6KBYefIoo7KydImq1uUQlL,Bodak Yellow,Cardi B,73,
0TwBtDAWpkpM3srywFVOV5,Crazy In Love (feat. Jay-Z),Beyoncé,73,
4cS2HQ6jK80vqdY9ofpztx,She Wolf,Shakira,73,
0YammaEkYSeo9vQYZ1OwS6,Say My Name,David Guetta,73,
1Lim1Py7xBgbAkAys3AGAG,Lean On,Major Lazer,73,
3Dzso9Q2WwupEclqgxBZht,Pumped Up Kicks,Madism,72,
4vp2J1l5RD4gMZwGFLfRAu,I Gotta Feeling,Black Eyed Peas,72,
55qBw1900pZKfXJ6Q9A2Lc,Teenage Dream,Katy Perry,72,
37R0bQOQj5a7DOqh1TGzvB,One Call Away,Charlie Puth,72,
4NeOWqHmlrGRuBvsLJC9rL,My Love (feat. T.I.),Justin Timberlake,72,
0Oe49j06Bjrxs8PltuVeaW,On The Floor - Radio Edit,Jennifer Lopez,72,
4RY96Asd9IefaL3X4LOLZ8,In Da Club,50 Cent,72,
1smFN2CLqGROu0J0UyvDfL,Shayad,Pritam,72,
2ayIgfvWo3SfYP2pVOr4pC,Gone,ROSÉ,72,
67awxiNHNyjMXhVgsHuIrs,Turn Down for What,DJ Snake,72,
19eIZmuXlBmLTha1lPHef7,Alors On Danse - DubDogz Remix,Stromae,71,
0ZHILXmUaVSLEOCWxPQ1ga,Makhna,Tanishk Bagchi,71,
05SBRd4fXgn8FX7bf8BCAE,I Need Your Love (feat. Ellie Goulding),Calvin Harris,71,
3LWDPEXEaLBRGNLbdcbwBR,Mr. Saxobeat - Radio Edit,Alexandra Stan,71,
2oENJa1T33GJ0w8dC167G4,Fire Burning,Sean Kingston,71,
72jbDTw1piOOj770jWNeaG,Paris,The Chainsmokers,71,
3hWfKBt3n7j1xqIy6LA5ve,Astronomia,Vicetone,71,
5v4GgrXPMghOnBBLmveLac,Savage Remix (feat. Beyoncé),Beyoncé,71,
3rfhI32Il2hVRKDkuGeeen,Hey Baby (Drop It to the Floor) (feat. T-Pain),Pitbull,71,
0WdbnNKO0Jt4BZACSDQh44,"Ghungroo (From ""War"")",Arijit Singh,70,
0MOiv7WTXCqvm89lVCf9C8,Million Voices - Radio Edit,Otto Knows,70,
57jOEZtoLQK4zF2x55bdkp,"Tu Hi Yaar Mera (From ""Pati Patni Aur Woh"")",Rochak Kohli,70,
4as4XEOR03oGm1STUKl6pa,BBIBBI,IU,70,
1m84zLz4WizjR4mCDoXReg,I Don't Care - Acoustic,Ed Sheeran,70,
4bD9z9qa4qg9BhryvYWB7c,Kabira,Pritam,69,
4P7VFiaZb3xrXoqGwZXC3J,Lollipop,Lil Wayne,69,
0U6bQIAh6MCGo1xjbIIx2S,Instagram,Dimitri Vegas & Like Mike,69,
7h0d2h0fUmzbs7zeFigJPn,HIGHEST IN THE ROOM (feat. ROSALÍA & Lil Baby) - REMIX,Travis Scott,69,
2Fv2injs4qAm8mJBGaxVKU,"Tujhe Kitna Chahne Lage (From ""Kabir Singh"")",Arijit Singh,69,
4xmkpE1Si5JL7NFxWrhV0S,"Humraah (From ""Malang - Unleash The Madness"")",Sachet Tandon,69,
6b3b7lILUJqXcp6w9wNQSm,Cheap Thrills (feat. Sean Paul),Sia,69,
5RzFJd6W40SDTyZkX6xx45,I Know You Want Me (Calle Ocho),Pitbull,69,
7LcfRTgAVTs5pQGEQgUEzN,"Moves Like Jagger - Studio Recording From ""The Voice"" Performance",Maroon 5,69,
70ludZZEUJy1aFVkPI0Kpi,Drop It Like It's Hot,Snoop Dogg,69,
43GfQ1SC17rBWiHkOtdwK8,Jab Koi Baat - Recreated,Atif Aslam,69,
3rLIv187BhjyweFe89SgLn,Somebody To Love,Justin Bieber,69,
6q9XTgfWilsnyiFofvYrIF,"Garmi (From ""Street Dancer 3D"") (feat. Varun Dhawan)",Badshah,68,
6Sy9BUbgFse0n0LPA5lwy5,Sandstorm,Darude,68,
70Vdd1gx5tn84jkAU31ASv,Sexy And I Know It,LMFAO,68,
07K4GcCDSTiXUF5ssyTRUM,The Sweet Escape,Gwen Stefani,68,
7eQl3Yqv35ioqUfveKHitE,Tum Se Hi,Pritam,68,
6btyEL6NwUa97Nex9cZFvo,Pump It,Black Eyed Peas,68,
3ZVKI8jix6PjEFx2xFBFhz,"BurjKhalifa (From ""Laxmii"")",Shashi,68,
1sh6lL6cmlcwhqZKGiKBua,I Could Be The One (Avicii Vs. Nicky Romero) - Radio Edit,Avicii,68,
32LKwbmh6yVsWoRRF8DIvf,Na Ja,Pav Dharia,68,
2ndnVdR8si7CW9T8vJRHyW,Move Ya Body,Nina Sky,68,
2rgtCOVK2tpfao2VjURn84,Lovers on the Sun (feat. Sam Martin),David Guetta,68,
2cZrrQMjB63c0iIugYH9zS,Rain Over Me (feat. Marc Anthony),Pitbull,68,
5d6Mjuu2uCGRPYpFjGpCX5,Sugar,Maroon 5,67,
6R0GRYk2vs2XuBVemYK5YZ,Ultimate,Denzel Curry,67,
25MPTnqXQB1H6OkwSYUXWx,"Malang (Title Track) [From ""Malang - Unleash The Madness""]",Ved Sharma,67,
1O5mTSQa0sCce9ghhDqIZl,Jashn-E-Bahaaraa,A.R. Rahman,67,
20efeySIfZoiSaISGLBbNs,Thriller - Single Version,Michael Jackson,67,
1We89SAonMk70QBbfXERxa,Nazm Nazm,Arko,67,
4iFPsNzNV7V9KJgcOX7TEO,Tu Jaane Na,Atif Aslam,67,
6RnkFd8Fqqgk1Uni8RgqCQ,Like I Do,David Guetta,67,
1orM67pmkNc4alrZkWjYkV,Naach Meri Rani,Guru Randhawa,67,
5d6Mjuu2uCGRPYpFjGpCX5,Sugar,Maroon 5,67,
39ujbBjTwwqUFySaCYDMMT,Proper Patola,Badshah,67,
3ZjMdVOWxQ53FKrmkgCv95,"Psycho Saiyaan (From ""Saaho"")",Sachet Tandon,67,
1hQia6rxgfM1ly2hE3StWp,Ishq Wala Love,Vishal-Shekhar,67,
3y7ByLZ05tluscOTRgEJ9Y,Palette (feat. G-DRAGON),IU,66,
5bZeugrr7oIATt1CLJuhT4,Incredible,James TW,66,
35P2Xal9x3GAdOHytyEUFe,Phir Bhi Tumko Chaahunga,Mithoon,66,
6KOEK6SeCEZOQkLj5M1PxH,California Gurls,Katy Perry,66,
6bdpj89aYEBjhpsenXAsmO,Enna Sona,A.R. Rahman,66,
5MnAi6ZF7cE8pAz7wYr9Ta,Dil Diyan Gallan,Vishal-Shekhar,66,
6fScgF2Y63ScU73nYju0ny,O Saathi,Atif Aslam,66,
27zrFrtUtWl2urlvjOn5xc,Say Yes,Loco,66,
0uXO2GrNiIb1xHT9LUdxZE,Sexy Bitch (feat. Akon),David Guetta,65,
3P3UA61WRQqwCXaoFOTENd,Through the Night,IU,65,
3HiobOOpSpMsi95WBKPBYk,Hamari Adhuri Kahani (Title Track),Jeet Gannguli,65,
0GQngE2rOYvlKwEQjTAsP8,Subhanallah,Pritam,65,
6PtXobrqImYfnpIxNsJApa,Bad (feat. Vassy) - Radio Edit,David Guetta,65,
5gx2E5aIXMRBellPZW1up5,"Pills & Automobiles (feat. Yo Gotti, A Boogie Wit Da Hoodie & Kodak Black)",Chris Brown,65,
4vvnuJlgBeNVwq3TNmLMNX,Jackie Chan,Tiësto,65,
1ZaeaGLhFSckG8sv1y7AWk,Kya Baat Ay,Harrdy Sandhu,65,
6N6mJlsjYRV0yoMSPS5JiQ,The Wakhra Song,Navv Inder,64,
7AHKnQ6XB5l7GL4pTJWLZn,Kutty Pattas,Santhosh Dhayanidhi,64,
0mJTAdmY8olbGQjopDYff3,Vaaste,Dhvani Bhanushali,64,
1OEmd2iXU8pWG7CrKNpGUg,Humdard,Arijit Singh,64,
6oloWgrErtc8dG2WiV55gn,Sawan Mein Lag Gayi Aag,Mika Singh,64,
1rvJahl2EPy25dSsBNzTr4,Adipoli,Siddhu Kumar,64,
6EIVLz5xM1xE29r0OmIkWt,Falling Slowly,Glen Hansard,64,
1CM4rFDU9q4EoLy2K44qE6,"Naah Goriye (From ""Bala"")",B Praak,64,
3VZQshi4COChhXaz7cLP02,I Love It (feat. Charli XCX),Icona Pop,64,
7HacCTm33hZYYN8DXpCYuG,I Like It,Enrique Iglesias,64,
4LLvxxkWtt818FNO3cbsdo,Sauda Khara Khara,Diljit Dosanjh,64,
5cjVsWqIkBQC7acTRhL0RO,Kamariya,Aastha Gill,64,
6qCNaRRr5xJALfNJvh0NAw,Bom Diggy Diggy,Zack Knight,63,
4AoQVhME8Ko6LNm4lV2wwQ,Hookah Bar,Himesh Reshammiya,63,
7heMX7gyHP0mhTlNgd7Lxd,The Humma Song,A.R. Rahman,63,
4Tkb7zsDmsawB7S5TpKQV1,Pehli Dafa,Atif Aslam,63,
6f3ANRNQ8nCiPZ6VqXqq93,Main Rahoon Ya Na Rahoon,Amaal Mallik,63,
06EMBzxDm2hueehobAlMtm,Ending Scene,IU,63,
1E16f7KcZmuXuhlenRwA2m,Saibo - Lofi Flip,VIBIE,63,
0JBhoxPKHJc1ZeJrjSt0VO,Tera Ghata,Gajendra Verma,63,
2mwBSO58y92EYmEFpDfmS7,Suit Suit,Guru Randhawa,63,
1z1mMZtZW0gvR9FSPc7JpJ,Champion,Elina,63,
16pwlVsypm4aDKMhXdOuXg,Animals,Maroon 5,63,
2Vw94w6FxCyaYwyCivi9Py,Tere Naal,Tulsi Kumar,63,
0GX5oOKtU0nnx5OkhenW2i,Closer,Ne-Yo,63,
7ofWUKeNCUw1P64ArIwG9b,"Dheeme Dheeme (From ""Pati Patni Aur Woh"")",Tony Kakkar,63,
2si0ZNx4yRbggTvrIom8A2,Paniyon Sa,Rochak Kohli,62,
6TGX01ExmdHyOG72fqUU3Q,Zindagi Kuch Toh Bata (Reprise),Pritam,62,
3huCRjAX12zNPxtX9JqX2X,"Naanga Vera Maari (From ""Valimai"")",Yuvan Shankar Raja,62,
1trC8L8YpawkU553ymy2zC,Calling (Lose My Mind) - Radio Edit,Sebastian Ingrosso,62,
5X5db3FrBOHbibrFKA02MQ,"Chashni (From ""Bharat"")",Abhijeet Srivastava,62,
3tgZ9vmhuAY9wEoNUJskzV,Timber (feat. Ke$ha),Pitbull,62,
4pE05HNzmVFGpCOfNKE3w6,"Tum Hi Ho Bandhu (From ""Cocktail"")",Neeraj Shridhar,62,
61s24wRVyG7NP9m7EjdDKL,Don’t Stop The Party,Black Eyed Peas,62,
2YdX7PEziOImkySNDWsaKM,Rise Up - Radio Edit,Yves Larock,62,
11IAzj9706fIKBVCJyMNNt,"Illegal Weapon 2.0 (From ""Street Dancer 3D"")",Jasmine Sandlas,62,
0zRsGGueSQLRkYWs4kPA4V,Naah,Harrdy Sandhu,62,
4f5kLqyOJ5ZPnalEVMQrB2,"Tere Bin (From ""Simmba"")",Rahat Fateh Ali Khan,62,
2KrrAi2smn5Fa7sy7TxrKg,Nayan,Dhvani Bhanushali,62,
7CUYHcu0RnbOnMz4RuN07w,Despacito (Featuring Daddy Yankee),Luis Fonsi,62,
28veUNu4veN0LOBVa0nFw8,"Muqabla (From ""Street Dancer 3D"")",Yash Narvekar,62,
6WediUhXDfm8FR3wlM0r3G,Subha Hone Na De,Pritam,62,
6Kynli1iHBqJRWUCohcV9h,Kaam 25 - Sacred Games,DIVINE,62,
4ymPEyiXabTe1NO8q8EFxG,"Chogada (From ""Loveyatri"")",Darshan Raval,61,
67QGnT1Vdfuuy4HkLTUVjj,11:11,TAEYEON,61,
4km0RUkMMFdx8iDuq36o2w,Janam Janam,Pritam,61,
6dGsBRuavumBs5BghcXF3D,Give You My Heart,IU,61,
1SwZVVH9BnXtLRLi2cbFhw,Good day,IU,61,
5uaIbU3oHHcSOK6WFNK5nj,Apna Time Aayega,Ranveer Singh,61,
4650WGL6InVqP7YN5POqIz,Party Rock Anthem,LMFAO,61,
1cmZbGkCEVVAck2MsWpPYQ,Hasi - Female Version,Ami Mishra,61,
5mp7og60TpyNiKi2p9Morw,Tenu Na Bol Pawaan,Yasser Desai,61,
1baHxgYktT8eDdmtTozJF9,Enjoy Enjaami,Dhee,61,
21r0QnhYxsxYUsoov5o0IF,Per Vachaalum Vaikkaama,Yuvan Shankar Raja,61,
0CVfovmUv7BnemOyTtOcbL,Sanam Re,Mithoon,61,
4LihUZcWy0B6lGLqcJ8u9B,New Rules,Dua Lipa,61,
4ymPEyiXabTe1NO8q8EFxG,"Chogada (From ""Loveyatri"")",Darshan Raval,61,
6jEZLz3YpnEBRpVkv35AmP,Gasolina,Daddy Yankee,61,
4L54iRvfSVTa48NxYhHBIu,Up & Down,Vengaboys,61,
0ijhkvBpA7OBlY4clWSUZw,One More Time - Radio Edit [Short Radio Edit],Daft Punk,60,
0Q3SC6kEhxYagDP3bFe5K9,Keep It Mello (feat. Omar LinX),Omar LinX,60,
3vAncbML0jhNrp63DKhsCo,Round And Round,HEIZE,60,
39vrbjCMTRXEdiIr2IsBgd,She Move It Like,Badshah,60,
4eFnk661RcdOuH9ajiTO3j,Banjaara,Mohammed Irfan,60,
2QD4C6RRHgRNRAyrfnoeAo,Play Hard (feat. Ne-Yo & Akon),David Guetta,60,
6rJhjykEkCqm3H64uALhhf,"Bujji (From ""Jagame Thandhiram"")",Santhosh Narayanan,60,
1TWfkGrhF7ob0nwB2M6knb,Animals,Martin Garrix,60,
6ABHr8kYCws5z6gC9Lwith,Baarish,Mohammed Irfan,60,
4eu27jAU2bbnyHUC3G75U8,Badtameez Dil,Pritam,60,
6P3TrUT5OBuyrBYGrHo525,"World, Hold On",Bob Sinclair,60,
1QZRCi2Z1DQQaR6bGAzhtN,Love Dose,Yo Yo Honey Singh,60,
18e3XXYCv4Tx8uUl1mP3CN,Balam Pichkari,Pritam,60,
7crGzxRqI5pMZAjZgF9uu2,"Jai Sulthan - From ""Sulthan""",Vivek - Mervin,59,
1Xl83AOH0iWEOVFcdQqKBW,Nainowale Ne,Neeti Mohan,59,
2oNRoniEFnPdaCfkOQ9m0C,"Rakita Rakita Rakita (From ""Jagame Thandhiram"")",Santhosh Narayanan,59,
6AE0G24YXnDyEgE4L0efpB,Tremor - Sensation 2014 Anthem,Dimitri Vegas & Like Mike,59,
7lnRiEP7BHXuILXNY9MH8f,Otha Sollaala,G. V. Prakash,59,
2E2G88mTTJjbbmEpqTkbaV,Tu Meri,Vishal Dadlani,59,
1O3WfEwaSpsgZ6tw8jNT8I,Maana Ke Hum Yaar Nahin,Sachin-Jigar,59,
4gyPGtExOjj1rsByKW33LR,Paagal,Badshah,59,
4OcvkkpF3xmyCGGY5IBlgi,"Tera Ban Jaunga (From ""Kabir Singh"")",Akhil Sachdeva,59,
3bZPdEskcnMdepwCaDSJRl,Bin Tere,Vishal-Shekhar,59,
3fWMFwaJil8fD14JCgwbcL,Aaoge Jab Tum,Rashid Khan,59,
2Zr5zgU9qEoOPvJbU0GScq,Waiting For Love,Avicii,59,
4VM8y5Tx6UBxzfuLvYrhFf,Drugs & The Internet,Lauv,59,
3jxNbVmugKWFFc3YAVl0sD,Aabaad Barbaad,Pritam,59,
3ibDXkPA4Ijz24UxbFcNMi,Top Tucker,Uchana Amit,59,
5x72Q1SyiDHJ4IF2mRzfkg,"Gali Gali (From ""Kgf Chapter 1"")",Neha Kakkar,59,
7HrE6HtYNBbGqp5GmHbFV0,Love poem,IU,59,
71s7tZo8OGlN3VXyURWLUr,Make Some Noise For The Desi Boyz,Pritam,59,
1gwO79MdYdumgIjxq8eCxB,Bahara,Vishal-Shekhar,58,
0GsRx0gPft6RmijIwMsKmG,Friday (feat.Jang Yi-jeong),IU,58,
4dJrjWtAhEkW7VdPYSL1Ip,"Vaathi Coming (From ""Master"")",Anirudh Ravichander,58,
1NfNC8BKQSbWyhwZgLvrfY,Ek Dil Ek Jaan,Shivam Pathak,58,
7gAyu0od48mkaCw1laPKVC,Naagin,Vayu,58,
4PML5RtrVcYAwTTS46otXB,Vaathi Raid,Anirudh Ravichander,58,
6XPgCW18GiGg0scbMcdxgX,"Sivakumar Pondati - From ""Sivakumarin Sabadham""",Hiphop Tamizha,58,
36d0fy3TbyWFR4mth7hpVd,Yaathi Yaathi,Abhishek C S,58,
4FL8i7miD18FuMN08XGKcM,"Takkunu Takkunu - From ""Mr. Local""",Hiphop Tamizha,58,
3Qpk2qHree1RTH5lZaKnEK,Desi Girl,Vishal-Shekhar,58,
1rEVydQSe04NJUqyyEyeEq,Afghan Jalebi (Film Version),Pritam,58,
0MLZAgKQKHbPsJ12qHS860,Haan Main Galat,Pritam,58,
6lfSsCL894Qw15xbt7cSUy,"Jai Jai Shivshankar (From ""War"")",Vishal Dadlani,58,
3F0I9AkbRwz12yz7Hxn0bF,Oh Ho Ho Ho (Remix),Sukhbir,58,
3Eb4VbsbXMpS5Mk9HWTDia,Chandigarh Mein,Badshah,58,
3XYvdqcZrTmRntFDDbJkJd,Buzz (feat. Badshah),Aastha Gill,58,
5HJvDTnAaDWqhsE841I1QR,Kamariya,Lijo George,58,
5Rn1DPzSzUktbhuNDDJocS,Party On My Mind,KK,57,
7ksYJ95P5vP87A0GH34CIk,Ridin' Solo,Jason Derulo,57,
2WO5nzB7QtKn9ZRc9Jkalt,Annul Maelae,Harris Jayaraj,57,
2q0V50aNlI1RQXJyE5HDgD,"Odhani (From ""Made in China"")",Sachin-Jigar,57,
4fyR24BKznXBLNkK8LwWla,Dheere Dheere,Yo Yo Honey Singh,57,
2RJCustVwESEgBF9WNFi79,"Surili Akhiyon Wale (From ""Veer"")",Rahat Fateh Ali Khan,57,
5kl6FcnZv8jQDgNSWNyfpN,Thodi Der,Farhan Saeed,57,
6HQbaD0RomfUPO4KK866oI,Laila Main Laila,Pawni Pandey,56,
3zqFsowz5iGbYIxZW5KlKw,"Tera Hua (From ""Loveyatri"")",Atif Aslam,56,
342pJxy678kgQrZXCL9RG7,Urvashi,Yo Yo Honey Singh,56,
2qPNdVlqZl1cYqsNc3MXnA,Sher Aaya Sher,DIVINE,56,
7iLA6PQeQWRjLDHOJgGpj5,Gerua,Pritam,56,
3OZr3vo7SmYpn5XqeQEAOM,Manali Trance,Yo Yo Honey Singh,56,
5I3Xih0C2ID3fqngBrBbGv,"Bad Boy (From ""Saaho"")",Badshah,56,
2eSNpIOFoi1Q8wxw6CycXJ,Wonderful U,AGA,56,
5DCNAwyomUF3LXunq4NSpJ,阿拉斯加海湾,Priscilla Abby,56,
7hXnhouVPnOnFwCGrQMHvB,Cutiepie,Pritam,56,
3UaP2PQwhA31keZXt7oPLA,The Disco Song,Vishal-Shekhar,56,
0tgwvpBXcw7GURJRqBnc4g,"Girl I Need You (From ""Baaghi"")",Meet Bros.,56,
1hjSN26LvLcBrhObrNSQK1,Vambula Thumbula,Santhosh Narayanan,56,
1plFCZ6QFAjSRutT02GTCn,"Channa Mereya (From ""Ae Dil Hai Mushkil"")",Pritam,56,
3fpVYSLnxkadjYwQPTyo4H,Laal Ghaghra,Neha Kakkar,56,
14uXhHNINQqjl2hngD21s9,Tera Chehra,Adnan Sami,56,
24GlSNySJ9tAwkvZPuVb63,Udhungada Sangu,Anirudh Ravichander,55,
3TrdGeV5bEpHezExHlsguD,"Samjhawan (Unplugged by Alia Bhatt) [From ""Humpty Sharma Ki Dulhania""]",Jawad Ahmad,55,
5DIt4eq2D6CZjX1s5jwrnP,"Tere Naal Nachna (From ""Nawabzaade"")",Badshah,55,
6YYVzVapUF3UnZQ0igasl3,Allah Waariyan,Shafqat Amanat Ali,55,
4J5OpeZUR2msDPfMsIeGSU,Soniyo,Raju Singh,55,
0BB8adTPSIZedvDapPJ2Bs,broken parts,clide,55,
6XjJXPP3UiGtAQpYkD01c0,Chittiyaan Kalaiyaan,Meet Bros Anjjan,55,
2kbxGCtWSV0f1ON720Bd4O,Don'u Don'u Don'u - The Don's Romance,Anirudh Ravichander,55,
2PcgMmmhIZA83kwIYEjR8f,Kalasala Kalasala,Thaman S,55,
0Iz4CkptElGHo16r797Jsb,"Dekhte Dekhte (From ""Batti Gul Meter Chalu"")",Atif Aslam,55,
1AbSrAwrzuC3FcDXoYi3ED,Naan Nee,Shakthisree Gopalan,55,
6dKJWmXeYPznzolqo4K6Uq,Hotel Room Service,Pitbull,55,
3gJbCMoDT9rUmPS1GPd6kn,Kannamma,Santhosh Narayanan,55,
7n6AQKpZUGiJM2auF3yuDY,All Black,Raftaar,55,
7yIGRf80h3Kwi4GfwJUiQl,Shine On,R.I.O.,55,
7zKzD5wM18bQSiJTAxTpwH,Mirchi,DIVINE,55,
1SPjyXQvDjvPA3hYhHvsO1,"Main Jahaan Rahoon (From ""Namastey London"")",Rahat Fateh Ali Khan,54,
3aaiAWCet6sbfOfLSn3g7i,Tu Chahiye,Pritam,54,
3cGMTR0B5zA3zQsVJjddtQ,Love Me Thoda Aur,Pritam,54,
7cFuzwgbtHXmSKuCzo0qCW,Lamberghini,The Doorbeen,54,
0h73AwuEY2x44cBMOP58fO,Bakhuda Tumhi Ho,Atif Aslam,54,
5CteVMD0U8C9WbAWvrNgkN,Chori Kiya Re Jiya,Sonu Nigam,54,
73LRTBKmdjroFDSBGSqClt,Love Paradise,Kelly Chen,54,
7yEuRloGyxyu1KaWBTPP1Z,"Slow Motion (From ""Bharat"")",Shreya Ghoshal,54,
1ozrNv9W4KlprAmvgH0Yrq,"High Rated Gabru (From ""Nawabzaade"")",Guru Randhawa,54,
5qtEWwRUX3GKgpWwDQf9SA,Woh Din,Pritam,54,
23bpCCVsTUKviTEfoy4tbM,Idhayathai Yedho Ondru,Harris Jayaraj,54,
4wANB882g1ZhF2V8ugksY1,"Sanu Ek Pal Chain (From ""Raid"")",Rahat Fateh Ali Khan,53,
2K058s9yrpoUfANaQt7Zu4,Polakattum Para Para,Anirudh Ravichander,53,
5VAkPCJTE6tbyReo9J4IQj,"Main Tera Boyfriend (From ""Raabta"")",Arijit Singh,53,
6YcBBZVKYYRirfeAt6BeGA,Machi Open the Bottle,Yuvan Shankar Raja,53,
3phw912iJRhtMfsdJ1k3Sr,"Darasal (From ""Raabta"")",Atif Aslam,53,
1qHQ6U2HSSddaH6LYs5M9t,Mukkala Mukkabla,Mano,53,
40BjkQhSOqS7j8Z0JHiF07,Udi Udi Jaye,Sukhwinder Singh,53,
5DEp8hauuZ45oG38YOkkQq,Aziyat,Pratsofficial,53,
5PNZX8yqzqqAMPpl3UAoaP,Moongil Thottam,A.R. Rahman,53,
22qqToXc5l7Wkh9GcVTcet,Tera Baap Aaya,Farhad Bhiwandiwala,53,
5EjVRbQFSLYyeNLlO7qGLY,What a Karavaad,Anirudh Ravichander,53,
59mrqUmhpmcfUns8BKkV30,Alive,Krewella,53,
7w4kFO2slzHCu1qEOMaPkl,Maari Thara Local - Here Comes Maari,Anirudh Ravichander,53,
4zUPL2OPTO3hgNhjaA1Rjn,I Hate Luv Storys,Vishal-Shekhar,53,
1EKvufWHnlZbGZGMDg3NYR,"Chill Bro (From ""Pattas"")",Dhanush,52,
27aGlicHJKf5QY20looYlR,F You I Love You (feat. Teyana Taylor),KYLE,52,
3EPxiSj3RsjMMdKCM7pthV,Chillax,Vijay Antony,52,
2ylshHMbSFJ2CavXuc8rtN,En Peeru Meenakumari,Devi Sri Prasad,52,
1Do2hDE0etMakAEQbyOd4L,Aaluma Doluma,Anirudh Ravichander,52,
3HhzqHPEN33a5UCKSfZpgi,Kala Chashma,Amar Arshi,52,
2SDOS0F4FJb1SEjOpF9PR5,Right Now (Na Na Na),Akon,52,
5HcBFhFQEtqKrsRkr95XYu,"Sooraj Dooba Hain (From ""Roy"")",Arijit Singh,52,
1ZbfvUHBfdODgIL70sk6XR,Aathangara Orathil,Harris Jayaraj,52,
6RlHX1oWuPOhPkESDxiKFl,Push The Feeling (feat. Big Narstie),Nightcrawlers,52,
1qtl3vB0uqciZ94g3S6TO7,Besharmi Ki Height,Benny Dayal,52,
2hOlxSH3Zck6a2ki4xtKGV,"Coca Cola (From ""Luka Chuppi"")",Tony Kakkar,52,
7MvQQGqYE4r0ucTarmI2Gr,Saturday Saturday,Shaarib Toshi,52,
4dPeCbg2Op44s9kwyMS3ZT,Sadka,Vishal-Shekhar,51,
0uFosRhSqfxPxYhn6TWRpC,Kuch To Hai,Armaan Malik,51,
2UwM1cFgYjQ4U1ntbu6vKl,Ey Sandakaara,Dhee,51,
5FkBFIGzG8lYFktLyZNUq6,Makeba - Radio Edit,Jain,51,
30UWFQsrAfkzcsRWaiNLtU,Yahin Hoon Main,Rochak Kohli,51,
26i54fXOWeA08Krvgwitxi,Heeriye,Deep Money,51,
2EKXTA9QxkW6XeQ2uEeIii,Nashe Si Chadh Gayi,Arijit Singh,51,
2EKXTA9QxkW6XeQ2uEeIii,Nashe Si Chadh Gayi,Arijit Singh,51,
3VXh3jYTW3lTxtXRnu2TKP,Lungi Dance,Yo Yo Honey Singh,51,
3jtKSUiVDowKNBqVQbWaig,Iktara,Amit Trivedi,51,
0Ps7lWZdj1NAuyAVumclyC,Adhaaru Adhaaru,Harris Jayaraj,50,
6tFFZ3OYoHbTolG08QsuBa,Call on Me - Ryan Riback Remix,Starley,50,
2js9xBYSV4wNrVykUK5vgs,Guleba,Vivek - Mervin,50,
41jTngKME76TNpR6WSxAZV,Pia.. Pia..,Vijay Antony,50,
7wduEoLSXYggQqimn5LEP0,No Money No Honey,Silambarasan TR,50,
3PK26tdYPKM3ZxEGVFZx7l,Danga Maari Oodhari,Harris Jayaraj,50,
78R4fDeRrcoBIxL6uX4TnJ,Mersalaayitten,A.R. Rahman,50,
4zQnzaUMxtpS8y7gO33PqF,Close to You,Olivia Ong,50,
16NMvEYAus3qS1czInNNZl,"Ankhiyon Se Goli Mare (From ""Pati Patni Aur Woh"")",Mika Singh,50,
5VKvDHouRJ4a8VNXrzTWnc,Dj Waley Babu (feat. Aastha Gill),Badshah,50,
0mboVyI4R4MPH23yceAMz3,Hangover,Salman Khan,50,
5c4mS0wVYTmRrE7S9ZmcyX,Daaru Party,Millind Gaba,50,
69iDTIABXobqbl8zJOp8dq,Punjabi Wedding Song,Vishal-Shekhar,50,
3353R7ZeupOP7Rp7o94mqa,Lonely (with benny blanco),Justin Bieber,50,
3Q8yDujnXxwRiZ4p6VqY7b,"Kar Gayi Chull (From ""Kapoor & Sons (Since 1921)"")",Badshah,50,
2jimm1jAeazqJAmcn5JXvR,I'm Still Loving You,Shiga Lin,50,
04VUjNx30IrigVZU3CQmrQ,Mercy,Badshah,50,
6Sp7azay1NZU4wxlFacWCl,Jab Mila Tu,Vishal-Shekhar,50,
20GzbjfNtnXCuBm9rpik9h,come back,clide,49,
71rvcGbKcdAkbVJSrsAsh7,Soch Na Sake,Arijit Singh,49,
4jdwFk4GRRDNt3g49IgC15,Mujhko Barsaat Bana Lo,Armaan Malik,49,
6VNBEaG5sidkK3lwq7Ws0I,Haseeno Ka Deewana,Raftaar,49,
19nEFsswIftvopxVMUAM9b,Agayam Theepiditha,Pradeep Kumar,49,
4Cv8UaSA8aQrBdiYO6MxgV,Main Hoon Hero Tera (Salman Khan Version),Salman Khan,49,
04ZEwmgy0nImMrtKbtveop,Hey Vaada Vaada,M.L.R. Karthikeyan,49,
00bHxCcteaAJhU5WiP1mtf,Unakkenna Venum Sollu,Harris Jayaraj,49,
34yEAdQcnonEHiTavliRCs,Sometimes When We Touch,Olivia Ong,49,
4hI3znYrF6Q6LtVQyNqTJU,Drenched,Wanting,49,
1sL8hnnZaB2Xzm1J66y4Tt,O Saiyyan,Ajay-Atul,48,
4vzijCNUJKhftWkzl3Keqf,"Kheech Meri Photo (From ""Sanam Teri Kasam"")",Neeti Mohan,48,
0QjiywAse0jM8QgPvtJrpC,"Baby Doll (From ""Ragini Mms 2"")",Meet Bros Anjjan,48,
0YsBr7XFEapZmYeU5a9IFz,Jingunamani,Ranjith Govind,48,
1t99uhmctVeG4FbC5giRCM,Idhayam Love (Megamo Aval),Santhosh Narayanan,48,
7qEHrdtSLnFdNOrRtLmN30,Kannitheevu Ponna,K,48,
6kNr36b85fjPsGVIIYhHvh,Heartukulla,Vivek - Mervin,48,
3NKuSd9Qa5fzwhqiuKYFh4,"Dil Chori (From ""Sonu Ke Titu Ki Sweety"")",Yo Yo Honey Singh,48,
1CjXSN6vgWmniOCEycVFdN,Aalaporaan Thamizhan,A.R. Rahman,48,
38lQQdlbSMnHq3rjW9Vzhj,"Nee Kavithaigala - From ""Maragatha Naanayam""",Pradeep Kumar,48,
5v7gCLVyLgpO5L6zdeXULd,Sonapareeya,A.R. Rahman,48,
0qzuXwxORXTwSsBU2aJGj5,"Yaar Naa Miley (From ""Kick"")",Yo Yo Honey Singh,48,
0T6z2mf5tb3kv208JXgPj9,Nangaai,Harris Jayaraj,48,
6wVOOB9VyG0udgj4xhYWhq,Rangola,Shankar Mahadevan,48,
5f82cj8Bkl0mTsqAZiJkp1,Tu Mera Hero,Pritam,48,
22cCckQ9DR4E94QhtUzSW3,Karuthavanlaam Galeejaam,Anirudh Ravichander,48,
1TnYkFwGsWMZLiFXs2zXPf,Ek Villain Mashup (Mashup By Dj Kiran Kamath)[Remix By Mashup By Dj Kiran Kamath],Ankit Tiwari,48,
0V6i9XZ7NOfXQAygSaswnM,Le Le Mazaa Le,Suzanne,48,
3ZJVZdanfRHeXruvlJpv8Q,"Aankh Marey (From ""Simmba"")",Neha Kakkar,48,
7jUczfUWKAfcKSQP2N8ugb,Local Boys,Anirudh Ravichander,47,
0zlsXumKe7ymS1ANu5TDZP,Galliyan (Unplugged),Shraddha Kapoor,47,
6ITIcWfVuIcMz6PyfJyTjb,Welcome To St. Tropez (Dj Antoine vs Mad Mark Radio Edit) - Dj Antoine Vs Timati,DJ Antoine,47,
1pwN1ldC7BTjip1hWQN6vJ,Caller Tune,Neeraj Shridhar,47,
0WSTcd9inhbtHhV9vi1jDQ,Imma Get A New One,Chih Siou,47,
1JQFeT92JRTXtJMTIjByYQ,Paani Waala Dance,Ikka,47,
0r1ppERo8Mp5iKg3lANvnB,Poo Avizhum Pozhudhil,Santhosh Narayanan,47,
2WnpXcXoX1vYvERYG3eKlT,Tere Mast Mast Do Nain,Rahat Fateh Ali Khan,47,
6QXOeVS0RuwbMrI4ud2Lud,Bhagwaan Hai Kahan Re Tu,Sonu Nigam,47,
2a6vHSWc5vuPJrypTjCfRx,"Dilbar (From ""Satyameva Jayate"")",Neha Kakkar,47,
51ZN0MyxxJ0VmCN2Hlscfw,"Abhi Toh Party Shuru Hui Hai (From ""Khoobsurat"")",Badshah,47,
2Cj2XFOMBT8IrT0aapNTee,Heartbeat,Christopher,47,
2IwpPKgQGzXIjGdJza2chX,"Muqabla (From ""Street Dancer 3D"") [Tamil]",Yash Narvekar,47,
2cXOqys4hyhCdwy4qp6hYD,Right Now,Ayelle,46,
3kKHUvSrR4wx3UhRb5bXaH,Bittu Padam Di,G. V. Prakash,46,
759KVYocSBXI5cbDBLgsNy,"Yahi Hota Pyaar (From ""Namastey London"")",Himesh Reshammiya,46,
5YtLIhAuPcNLkfHZto0MVV,Rowdy Baby,Yuvan Shankar Raja,46,
2R7eciETNPr9sjgZuZLoco,Saree Ke Fall Sa,Pritam,46,
4hqAJpUuIBHDUpM5LlNZap,Khoya Hain,Neeti Mohan,46,
1HbmeBqRlEk54KK8gxQqbZ,Radhe Radhe,Meet Bros.,46,
5IMFa8ISmcse5yITzrGgJo,"Akh Lad Jaave (From ""Loveyatri - A Journey Of Love"")",Badshah,46,
5q6eZbatNFuToQdA7FGhj5,"Ek Chumma (From ""Housefull 4"")",Sohail Sen,45,
1bHBYJjUYYbUnwKYCFxV1F,"Party All Night (From ""Boss"")",Yo Yo Honey Singh,45,
2UFCFbaNkwlQmWySJaGAFN,"Oru Kuchi Oru Kulfi #TheSelfieSong - From ""Kalakalappu 2""",Hiphop Tamizha,45,
1EzYoGGkr0azLsiq8svGSl,lost child,IU,45,
44SjNhQxtKr5o96y0dHv1Q,Beautiful Girls,Sean Kingston,45,
45LZkeAJNMpiMCCBcb2sep,Where Is the Party,Yuvan Shankar Raja,45,
1lg2vQUoFDbAz5oupGoKa2,FaceTime,Karencici,45,
71MYQe743EBq3RvLqidTLi,Bigil Bigil Bigiluma,A.R. Rahman,45,
3KJiPsjcEON0tNYApx0CmR,Sunn Le Zara,Arnab Dutta,45,
2h1d6XPdBms5i7YwyfOO7q,Halkat Jawani,Salim–Sulaiman,45,
1SfZww9mRI9bWHqfvZItl1,Paisa Note,Hiphop Tamizha,45,
612T2qs3Xaj72F8M0bj9gL,"Marana Mass - From ""Petta""",Anirudh Ravichander,45,
3eLF7e1ODaSX82yKUOuV3i,Aasai Oru Pulveli,Pradeep Kumar,45,
2JcMKZhCd5RwcwRbEG58wu,"a world of chaos (feat. Rxseboy, Jomie & Ivri)",Powfu,45,
5ZZwWo5tBpa1IxEuASX5CL,Time,AUDREY NUNA,45,
2keR1GDTHre4qUTLoXe321,"Salaam Aaya (From ""Veer"")",Roop Kumar Rathod,45,
4z5aoK0yI5kgbikXoWLWfB,Mogathirai,Pradeep Kumar,45,
6p56DuuwZQYSNgeB7fgRkZ,Dilliwaali Girlfriend,Arijit Singh,44,
3x5GBpM7Dy4gckH5a2VN0f,Tasakku Tasakku,Mukesh,44,
0TKh7b5rpmvydOl9FvSyXL,Nahna Na Nah,Yuvan Shankar Raja,44,
5HlKYvZ7iVQN3tcNSny6TN,Vilayaadu Mankatha,Yuvan Shankar Raja,44,
4qf6wFvqzCV2mQUTlT7ZR7,Odi Odi Vilayada,D. Imman,44,
44Gp4GIRWoxFnuHlMyhhiJ,"Sanam Teri Kasam (From ""Sanam Teri Kasam"")",Ankit Tiwari,44,
6ojaBhVHO9IycIVEq1CtJl,"Mujhe Kaise, Pata Na Chala",Papon,44,
0epVhyvxYIL4rwuhXaKL39,Panchhi Bole,M. M. Keeravani,44,
1yotVCnfaPDvp9C7LsdGB1,Sodakku,Anirudh Ravichander,44,
3Zcm4BpzyL3J56B1BnFQcX,Chukar Mere Man Ko - The Unwind Mix,Mohammed Irfan,43,
6cJ7b3BbHuyqewQfqEcuTd,Come Back To Me,Utada,43,
7mIlbe9TP4eqC1oGIYC8Jh,Chennai City Gangsta,Anirudh Ravichander,43,
2zgXpuR5b7MiuJeHdJjO8k,"Un Vizhigalil (From ""Darling"")",Harini,43,
1hnG8nDABfdb8qeQ7g4aKh,Breakup Song,Hiphop Tamizha,43,
5FaFha5QbFcF5uqEeOAh71,Manasula Soora Kaathey,Santhosh Narayanan,43,
44ohhhvkNX8bpfVTF6V7Tc,Oye Oye,Aditi Singh Sharma,43,
5r7lnyQAFWiUSToaO2kC5X,Nothing Matters,Powfu,42,
0Zz7AEZfBKP2U7sO0WJKER,Selfie Le Le Re,Pritam,42,
4RXjmJrLbH9DNROHHaMbNc,Thappa Dhaan Theriyum - Maari's Karuthu,Anirudh Ravichander,42,
0QjpQP1w7apeMXzioL8sqN,The Nights,Avicii,42,
2GRemTPhTYOalTlStFduif,Bagulu Odayum Dagulu Mari - The Return of Maari,Anirudh Ravichander,42,
6fjFcOwB1vJTr1NwCEQ2jH,Tum Bin,Shreya Ghoshal,42,
4gzNmOoLoDxZABu1W8FOrc,Meri Maa,Pritam,42,
73QrFjT6dth8UlR7vFOFVM,"Pakkam Vanthu (From ""Kaththi"")",Anirudh Ravichander,41,
10Gmvqw6AhGaIwCjPmfyBU,Baby I Love U,Che'Nelle,41,
20reqiGSw4PskKXBG44kAH,Mujhe Ishq Se,Tulsi Kumar,41,
6scAzfVRotuyZgGw8RRTN9,"Tera Chehra (From ""Sanam Teri Kasam"")",Arijit Singh,41,
3Gr486MMVsToeqegJ0Z9qt,"Long Fights, Short Tempers",Powfu,41,
7fUMIEn7H6OYDOMQRMm1at,"Galti Se Mistake (From ""Jagga Jasoos"")",Arijit Singh,41,
1bvIoSekCZWAgthW01kbo9,"Koka (From ""Khandaani Shafakhana"")",Jasbir Jassi,41,
2hmg0cMbUyHnFyINH5Nch3,Tooh,Vishal-Shekhar,41,
2e0NRNrQkTvhH05z5Mf6jq,Ek Do Teen (Palak Muchhal Version),Palak Muchhal,41,
57nldabnSPgRfGNFyddITw,Kuchi Mittai,Anthony Daasan,41,
5u0zwaGbSJ9wChD2g3tydl,Subha Hone Na De (Remix),Pritam,40,
0Y4yEiDOL63Z8ePK3HSQvg,Shayad Yahi To Pyar Hai,Lata Mangeshkar,40,
32iCUAAgF1AqshcB3Tqhyt,carry me home,sød ven,40,
0R5invf0xH2NTXVnloNRjb,"Palat - Tera Hero Idhar Hai (From ""Main Tera Hero"")",Arijit Singh,40,
1FXKPnHtUYSgedFxnbgYSC,忘記你,Patrick Brasca,40,
6miX8bDSsmn5Fq5NvoTo1q,"Inthadi (From ""Dhol"")",Tippu,40,
3S4ELYAcxunw60elgJwAwn,Maalai Neram,G. V. Prakash,40,
1guYBJjVCPeY21S9Zs6Bpj,Vaa Rayil Vida Polaama,Santhosh Narayanan,39,
1qlUumQRJ1IpNWUKYP78PE,broke.,Chaz Mazzota,39,
46h1M5rPglAU1Sgkd0Thmo,"Maya Nadhi - From ""Kabali""",Pradeep Kumar,38,
4I91lJWD0Fgbo1KQ0vHJlS,Ammadi Aathadi,Silambarasan TR,38,
79JG7IEUyKn8rEkeT4VFbM,Ik Vaari,Ayushmann Khurrana,38,
72m5BKpkdE4tS7VojEVN3a,"Dandanakka (From ""Romeo Juliet"")",D. Imman,38,
2HhUUQvHfYOxlSGGuuMLuR,Daddy Mummy,Devi Sri Prasad,38,
5wEEsLCDkK17pSIgFYnapU,curve me,clide,38,
5MkFrM6BYPkq6CuoQWDfN5,Vechukkava - Remix,Yuvan Shankar Raja,38,
4pFs70p0MWLJykFBNFSEXD,Manamengum Maaya Oonjal,Dhee,38,
0fZcu7iMbWFQI5CTaHQcKY,Dream,SHAUN,37,
4fqnHukbktxx2OqL2rX6af,Pistah,Shabareesh Varma,37,
2qPvZlWD16OiQHW9V7gw5y,Head Start,Drew Schueler,37,
6scLpQdeXFZpHmDu0ZBu2T,Club Can't Handle Me,Flo Rida,37,
2enXOrI8aCmhxjOakCcn0B,Surili Akhiyon Wale (Duet),Rahat Fateh Ali Khan,36,
3jSq65O4TQrUvzKJt0S18z,"Sau Tarah Ke (From ""Dishoom"")",Jonita Gandhi,36,
6IAFRVFRyGG1qkTgUybVuw,First Poem - 《比悲傷更悲傷的故事》影集插曲,黃奕儒Ezu,36,
6JqPF3yP5x33uZNv7I0bKN,One Time,Nightshift,35,
5I9mKWUEM2RICe6QJ26PyM,I Don't Need You,LUNCH,35,
4tzRU8Fcu1uOqpddEcUOqe,Appadi Podu,Vidyasagar,35,
6r5sN1MDlPrisdOdktoHVg,Hey Jude,Stefanie Sun,34,
61qI26SnQfQttWyntdtWOL,En Chella Peru Apple,Mani Sharma,34,
4HVaclUJpanLub55lP9QCE,Be Your Someone,Eli Lev,34,
4C9Pw35gedSicSDkS2jm4e,Aadungada Yennai Suththi,Mani Sharma,33,
4gQ7DFwSbKwBCZUeYpt6Jq,Empty Hands,AUDREY NUNA,33,
31GwWDuXFnjzOYxQh1wBGV,"Deewani Mastani (From ""Bajirao Mastani"")",Shreya Ghoshal,33,
1CuwiLMKJA333cx1lN0zeX,Mere Bina Tu,Rahat Fateh Ali Khan,32,
5yg2zyq60SDNNskfpLIF53,Variya,Narayan,31,
2iCbMiYpx2K5PfWK9b2q5G,Lost in Deep,Fake Whiz,31,
2stg7E9LSa7NPmpIW9fQec,"I Don't Care, Never Mind",Tom Shawcroft,31,
17t8w97umtBmeyitWE5C8Z,Ada Ennatha Solvenungo,Udit Narayan,30,
1XkBCX3LY9HRTkRBylEouL,Mad About You,Koni,30,
1BndXI3g7j3uQW2xRYOqOp,"Thoondil Meen - From ""Kabali""",Santhosh Narayanan,29,
2GFmj3FjWiv6xpmti9c5us,Weed & Caviar,Trent Vine,29,
3E8GWn6Vofwbc2SGM9CcDz,2face,overtide,28,
0WNH7Ey0KrpwAr6D2keagu,"Boomiyil - From ""The Villa""",Pradeep Kumar,28,
7jZtuH3Ri8DpHNQBE9Zs3G,Wakhra Swag,Navv Inder,27,
5FTjddYUdP6JM0efvrVD7K,Lights,5lowers,27,
7Fx7bDWKhQzB99WXuGm2Z2,"Afghan Jalebi (Ya Baba) [From ""Phantom""]",Asrar,27,
2IxC6PLZqjsfpqWv0nMCSx,Tum Chain Ho,Sonu Nigam,27,
0jUBgzu7nGPQZYkPMqqBIr,Mere Bina Tu - Duet Version,Rahat Fateh Ali Khan,27,
4zDmelb6lE21S3NhnnbuoP,Sapphire,Beat The System,27,
3S4xCMoDMRbgC4Xyqr9cpW,Where Them Girls At,David Guetta,26,
0pdoQT09xK4AlBcCxylIGY,Time - Acoustic,Heri Iznaga,25,
6fht2Fw2bv3zlTcB2H92O8,"Haal - E - Dil (From ""Sanam teri Kasam"") - Male",Sreerama Chandra,25,
2Q7fKhYHqWW48c7kVcRHNm,"Swag Se Swagat (From ""Tiger Zinda Hai"")",Vishal-Shekhar,23,
2Q7fKhYHqWW48c7kVcRHNm,"Swag Se Swagat (From ""Tiger Zinda Hai"")",Vishal-Shekhar,23,
0C397gZdhXxThHjC2TRJvd,Madly,The Highly Unlikely,21,
4i0V0W1ghhLeN5vKIoyYRh,Done With You,Paul Nicholls,21,
148ytaYVT3TZsHBrOlwl21,Stay With Me - Edward Maya Club Remix,Akcent,19,
5GsBjgZNyV2LIvLFQDmn4x,Love Yourself,Justin Bieber,19,
0wBgyQ48T6FD8W2sZNFGle,Summer Blues,5lowers,18,
09PqjtIMXP7ER7tHg5eGrt,Hot,INNA,17,
3JGYm8cW6G1kv06SAMF1Kb,Zaroorat,Babli Haque,17,
4Fdu0RYgGWReSEV9Nm32YP,Atmospheric Summer,Mitt Holly,16,
2MfBAUtSmBy0qnv83qbo30,That's My Name,Akcent,15,
49uBvOLdeBpVVOnSYnHiup,Million,5lowers,15,
79xebvAEGI5sCpZ9tnAKYU,Do You Love Me?,THEMXXNLIGHT,13,
5Ckhb7BgvbIyuFVTyWw93l,Kacchi Dhoop,Ojas Joshi,13,
1v4Z3LMH88sHNj8wqfoizd,Fade Away,Róisin Marie,12,
1iLoENRtYzKhyHpnvI6Uh7,What Do You Mean?,Justin Bieber,11,
1quK56pWyIr8d21I2PfRDB,Nightmare,Alex Roma,7,
5w7T0jViVTwa8QIJxmNj7Z,Love Is,5lowers,7,
4RXpgGM7A4Hg7cFBoH5KyF,Hey Brother,Avicii,4,
5uYD7WbpdWPgxr72q9f75W,Famous,5lowers,4,
12VWzyPDBCc8fqeWCAfNwR,One Dance,Drake,3,
6wo37KVqFJhtuxPTpLCcfe,Takeaway (feat. Lennon Stella),The Chainsmokers,2,
7fPuWrlpwDcHm5aHCH5D9t,Roses - Imanbek Remix,SAINt JHN,2,
2s5YN9O8Qv25BjQobPHWVZ,Like A G6,Far East Movement,1,
4q8PHoRsPUB52LFylX8Ulz,More Than You Know,Axwell /\ Ingrosso,1,
17Fd6Yb7mSbinKG8LoWfFl,I Took A Pill In Ibiza - Seeb Remix,Mike Posner,1,
69bp2EbF7Q2rqc5N3ylezZ,Sorry,Justin Bieber,0,
0BMgkRvlTsZrit5S1ysx4n,TiK ToK,Kesha,0,
61WbtB6ujkpNAsAf5LjF4b,Bon appétit,Katy Perry,0,
0VdTG2MWrR5K5FYyLqBr0n,Magenta Riddim,DJ Snake,0,
2OlWBmSjf1aUPGLNf0UI5A,One Last Time,Ariana Grande,0,
5J7iGuzi7Nj8SGvt0TAVzK,The Way I Are,Timbaland,0,
2lkUHTWy2YXmy4WxCWkDYq,"Tera Hone Laga Hoon (From ""Ajab Prem Ki Ghazab Kahani"")",Atif Aslam,0,
421leiR6jKlH5KDdwLYrOs,Dance Monkey,Tones And I,0,
2eJ8ij1T3cNUKiGdcUvKhy,Baby,Justin Bieber,0,
01BvT9GPtThEzcMxkptkgN,Disturbia,Rihanna,0,
2PTGsNUxsxKSkgaCHQRjRA,Turn up the Speakers - Radio Edit,Afrojack,0,
4AOpEhqA7zHxQjkHmRrAp7,This Girl - Kungs Vs. Cookin' On 3 Burners,Kungs,0,
6g1NlCpW7fgqDnWbCCDrHl,Wake Me Up - Radio Edit,Avicii,0,
3AveuWMomOOs92pmWeXZLZ,Naan Romba,Ranjith Govind,0,
5dnUb7ZJX4JNNyFbGzqO6h,Chalmaar,Sajid-Wajid,0,
5BIEOLyIa6lxVxe9Yv4u8G,Afreen Afreen,Rahat Fateh Ali Khan,0,
5IirRCYX0AuRAZDDeOY7RA,Single Pasanga,Kaka Balachandar,0,
44OEXE0l8fdx6oaKexx2G5,En Aasai Mythiliye,Yuvan Shankar Raja,0,
2IP8yxZvYVXvaJAEEK1AIV,Lost Game,Nulbarich,0,
6RnM0dUknyz1m3YHCL2GJ1,Choose You Twice.,Ben Zaidi,0,
6XrA67791B2s2ENlCLgsKL,Hype,Chloe Tang,0,
3I6EVzYzENy29mAGFAA7a9,Breakfast In Manhattan.,Ben Zaidi,0,
5uImkHXfTLkNYwemtGH7kB,We Found Love,Rihanna,0,
6v7NjCg1b9WTGVD05vaYTN,"Lat Lag Gayee (From ""Race 2"")",Benny Dayal,0,
1Rk6lYXIm1A8xraDsllKwO,Sunny Sunny,Yo Yo Honey Singh,0,
2KwCtwV1KfUGfe5Dqm466w,I Am Not Alone - deadmau5 Remix,Calvin Harris,0,
66Nmp3ztIMqX1j8yYtWl1X,Liggi,Ritviz,0,
2BF1X5nkYYSb0AUTRaGkDm,Forbidden Voices,Martin Garrix,0,
6LoKHUJWM3qxHWL5wQOuss,Tere Sang Yaara,Atif Aslam,0,
0L24zgSdBLfgfMbP0bBYR0,Ek Ajnaabi,Akash Kar,0,
68nqVf3mY2aReIVN6xXavH,"Tera Fitoor - From ""Genius""",Arijit Singh,0,
2rb5MvYT7ZIxbKW5hfcHx8,Mi Gente,J Balvin,0,
